{"train/box_loss": 0.74723, "train/cls_loss": 1.01552, "train/dfl_loss": 1.3269, "_timestamp": 1719037978.7917278, "lr/pg0": 0.0009004588588588588, "lr/pg1": 0.0009004588588588588, "lr/pg2": 0.0009004588588588588, "metrics/precision(B)": 0.51879, "metrics/recall(B)": 0.83646, "metrics/mAP50(B)": 0.7411, "metrics/mAP50-95(B)": 0.65504, "val/box_loss": 0.47944, "val/cls_loss": 0.64998, "val/dfl_loss": 1.03511, "train_batch0": {"_type": "image-file", "sha256": "39a59da1e43222ec6261bd7b607c1d67ef488ab85fa6749a7eacc8becae76a57", "size": 548441, "path": "media/images/train_batch0_1_39a59da1e43222ec6261.jpg", "format": "jpg", "width": 1920, "height": 1920}, "train_batch1": {"_type": "image-file", "sha256": "706156fdf63495384f5c517e7fd734c92786bdd32ff0cd2f345f8d89fb6278ae", "size": 561520, "path": "media/images/train_batch1_1_706156fdf63495384f5c.jpg", "format": "jpg", "width": 1920, "height": 1920}, "train_batch2": {"_type": "image-file", "sha256": "5680cd5b74c91d5637bafdf8a814037dc1ebe2ece158d32d01b57a5210508716", "size": 534912, "path": "media/images/train_batch2_1_5680cd5b74c91d5637ba.jpg", "format": "jpg", "width": 1920, "height": 1920}, "model/parameters": 3012018, "model/GFLOPs": 8.2, "model/speed_PyTorch(ms)": 3.66, "_runtime": 808.752183675766, "_step": 3}